# probes.tsv — the PROBE LEDGER (campaign #49). One row per probe, appended BEFORE the
# result is interpreted. A probe you did not log did not happen.
#
# Built by the convergence-metric implementation, Phase 1 of
# getting-better/convergence-metric-implement.md (2026-09-13).
#
# COLUMNS (tab-separated):
#   date       ISO date the probe was run (YYYY-MM-DD).
#   gen        driver generation. Numeric for gen #1.. ; wNN for the pre-generation windows.
#   generator  the candidate generator that produced the probe. One of:
#                continue-census carve-out-census advice-audit deferral-audit
#                carrier-rerun control-operation oracle-audit hand
#              plus, FOR BACK-FILLED ROWS ONLY, `unknown` — the record does not name one.
#              `unknown` is a deliberate admission, not a default: a live row must never
#              use it. See NOTE ON BACK-FILL CONFIDENCE below.
#   candidate  short slug naming the thing probed.
#   verdict    LIVE | FAIL-CLOSED | VACUOUS | INCOMPLETE | OUT-OF-SCOPE
#                LIVE         a false claim was PROVED (or a security property violated).
#                FAIL-CLOSED  the hypothesis was refuted by measurement at HEAD.
#                VACUOUS      the positive control did not fire; THIS PROBE MEASURED NOTHING.
#                             *** NEVER fold VACUOUS into FAIL-CLOSED. ***
#                INCOMPLETE   priced/scoped but not run to a verdict.
#                OUT-OF-SCOPE CPython raises, or the construct is outside the value plane.
#   route      route number when verdict=LIVE, else `-`.
#   order      1 = first-order (the carrier predates the campaign)
#              2 = second-order (the carrier IS a campaign artefact: a repair, hardening,
#                  control, or remediation message)
#              `-` when verdict != LIVE, or when the record does not classify it.
#   note       free text. `backfill` marks a row reconstructed from prose rather than
#              logged live; such rows are LOWER CONFIDENCE and must stay separable.
#
# SCHEMA REFINEMENT FOUND BY THE PHASE-1 ACCEPTANCE TEST (recorded, not silently applied):
#   The first back-fill put two probes under OUT-OF-SCOPE because CPython raises on them,
#   and the acceptance test then under-counted the gen-#8 carve-out census (6 probes where
#   the handoff says 7). The record gives TWO facts about those probes -- they were RUN and
#   REFUSED, *and* CPython raises -- and the single `verdict` column had been made to carry
#   the wrong one. RULE, now applied uniformly:
#     `verdict` records what the MEASUREMENT returned. A probe that was run and refused is
#     FAIL-CLOSED even when CPython also raises; the raising is a note, because it bounds
#     how far the probe could have escalated, not whether it measured anything.
#     OUT-OF-SCOPE is reserved for candidates NEVER run against the plane (excluded by
#     design, or user-directed surface).
#   This is the schema being fixed before further back-filling, exactly as Phase 1 requires.
#
# *** THE BACK-FILL IS ASYMMETRIC AND CROSS-GENERATION YIELD FROM IT IS NOT VALID. ***
#   The numerator (LIVE) was recoverable for EVERY route, because each has a route file and a
#   dated commit. The denominator (FAIL-CLOSED) was recoverable only where a generation wrote
#   a `PROBED ... NO FINDING` section. Generations that did not -- w49, 4, 11, 16, 17 -- come
#   out at or near 100 % yield, which is an artefact of the record, NOT a measurement. The
#   same defect makes `generator=unknown` read 35 LIVE / 0 FAIL-CLOSED.
#   THE ONLY ROWS SAFE TO COMPARE ACROSS GENERATIONS ARE THE `carve-out-census` ROWS, where
#   numerator and denominator came out of the SAME record. Everything else is a lower bound on
#   the denominator and therefore an UPPER bound on yield.
#   This is why the rule is "log before you interpret": from gen #18 on, rows are LIVE-logged
#   and this asymmetry disappears. Until then, quote back-filled yield only with this caveat.
#
# YIELD IS COMPUTED OVER `LIVE + FAIL-CLOSED` ONLY.
#   VACUOUS rows are instrument failures and are tracked SEPARATELY. A probe whose positive
#   control refused measured nothing; counting it as a clean negative would inflate the
#   denominator with non-measurements. This is route #94's shape (a guard whose population
#   is empty has checked nothing and looks exactly like a guard that passed) and it is the
#   campaign's standing vacuity rule applied to its own meta-level.
#   INCOMPLETE and OUT-OF-SCOPE rows are also excluded from yield.
#
# NOTE ON BACK-FILL CONFIDENCE (read before quoting any number from the back-filled rows):
#   Every row below carries note=backfill. They are reconstructed from
#     getting-better/driver-handoff-latest.md  (the 11 `PROBED ... NO FINDING` sections,
#                                               and the per-generation `ledger`/`Found:` lines)
#     getting-better/open-routes/carve-out-census-gen9.md
#     git log --reverse --date=short --format='%ad|%s' | grep -oE '^[0-9-]+\|.*ROUTE #[0-9]+'
#   `date` for LIVE rows is HARD evidence (first commit mention, command above).
#   `gen` is taken from the handoff block that owns the section ("PROBED THIS GENERATION").
#   `generator` is recorded ONLY where the handoff names it; otherwise `unknown`.
#   Where a section reports a FAMILY of probes as one bullet ("NINE dunder carriers"),
#   one row is written and the note says how many carriers it covers. Those rows
#   UNDER-COUNT the denominator, which biases yield UP — the safe direction for a
#   convergence claim to be wrong in is DOWN, so treat back-filled yield as an UPPER bound.
#
date	gen	generator	candidate	verdict	route	order	note
2026-09-05	w48	unknown	is-against-bool-literal-whitelist	LIVE	42	-	backfill;order-unclassified-pre-77;generator-not-named-in-record
2026-09-08	w49	unknown	nan-breaks-eq-reflexivity	LIVE	45	-	backfill;order-unclassified-pre-77;generator-not-named-in-record
?	w49	unknown	none-branch-join	LIVE	46	-	backfill;order-unclassified-pre-77;generator-not-named-in-record
2026-09-08	w49	unknown	getattr-default-erasure	LIVE	47	-	backfill;order-unclassified-pre-77;generator-not-named-in-record
2026-09-08	w49	unknown	seeded-collection-dropped	LIVE	48	-	backfill;order-unclassified-pre-77;generator-not-named-in-record
2026-09-08	w49	unknown	append-through-parameter-dropped	LIVE	49	-	backfill;order-unclassified-pre-77;generator-not-named-in-record
2026-09-08	w49	unknown	str-optional-always-present	LIVE	50	-	backfill;order-unclassified-pre-77;generator-not-named-in-record
2026-09-08	w49	unknown	scalar-annotation-lie	LIVE	51	-	backfill;order-unclassified-pre-77;generator-not-named-in-record
2026-09-08	w49	unknown	is-on-value-typed-operands	LIVE	52	-	backfill;order-unclassified-pre-77;generator-not-named-in-record
2026-09-08	w49	unknown	float-is-a-real	LIVE	53	-	backfill;order-unclassified-pre-77;generator-not-named-in-record
2026-09-08	w49	unknown	dict-literal-two-models	LIVE	54	-	backfill;order-unclassified-pre-77;generator-not-named-in-record
2026-09-09	w50	unknown	route55	LIVE	55	-	backfill;order-unclassified-pre-77;generator-not-named-in-record
2026-09-09	w50	unknown	value-sentinel-omitted-arg	LIVE	56	-	backfill;order-unclassified-pre-77;generator-not-named-in-record
2026-09-09	w50	unknown	route57	LIVE	57	-	backfill;order-unclassified-pre-77;generator-not-named-in-record
?	3	unknown	route58	LIVE	58	-	backfill;order-unclassified-pre-77;generator-not-named-in-record
2026-09-10	4	unknown	route59-list-control	LIVE	59	-	backfill;order-unclassified-pre-77;generator-not-named-in-record
2026-09-10	4	unknown	route60-del-then-len	LIVE	60	-	backfill;order-unclassified-pre-77;generator-not-named-in-record
2026-09-11	5	unknown	route61	LIVE	61	-	backfill;order-unclassified-pre-77;generator-not-named-in-record
2026-09-11	5	unknown	route62	LIVE	62	-	backfill;order-unclassified-pre-77;generator-not-named-in-record
2026-09-11	5	unknown	route63	LIVE	63	-	backfill;order-unclassified-pre-77;generator-not-named-in-record
2026-09-11	5	unknown	route64	LIVE	64	-	backfill;order-unclassified-pre-77;generator-not-named-in-record
2026-09-11	5	unknown	route65	LIVE	65	-	backfill;order-unclassified-pre-77;generator-not-named-in-record
2026-09-11	5	unknown	route66	LIVE	66	-	backfill;order-unclassified-pre-77;generator-not-named-in-record
2026-09-11	5	unknown	route67	LIVE	67	-	backfill;order-unclassified-pre-77;generator-not-named-in-record
2026-09-11	5	unknown	route68	LIVE	68	-	backfill;order-unclassified-pre-77;generator-not-named-in-record
2026-09-11	5	unknown	route69	LIVE	69	-	backfill;order-unclassified-pre-77;generator-not-named-in-record
2026-09-11	5	unknown	route70	LIVE	70	-	backfill;order-unclassified-pre-77;generator-not-named-in-record
2026-09-11	5	unknown	route71	LIVE	71	-	backfill;order-unclassified-pre-77;generator-not-named-in-record
2026-09-11	5	unknown	route72	LIVE	72	-	backfill;order-unclassified-pre-77;generator-not-named-in-record
2026-09-11	6	oracle-audit	route73	LIVE	73	-	backfill;order-unclassified-pre-77
2026-09-11	6	carrier-rerun	route74	LIVE	74	-	backfill;order-unclassified-pre-77
2026-09-11	6	unknown	route75	LIVE	75	-	backfill;order-unclassified-pre-77;generator-not-named-in-record
2026-09-11	7	unknown	class-instance-eq-guard	LIVE	76	-	backfill;order-unclassified-pre-77;generator-not-named-in-record
2026-09-11	8	carve-out-census	del-slice-erased	LIVE	77	1	backfill
2026-09-11	8	carve-out-census	deque-erasure	LIVE	78	1	backfill
2026-09-11	8	carve-out-census	init-capture-shape	LIVE	79	1	backfill
2026-09-12	8	unknown	route80	LIVE	80	1	backfill;generator-not-named-in-record
2026-09-11	8	control-operation	list-length-channel	LIVE	81	1	backfill
2026-09-12	9	unknown	init-posonly-kwonly-params	LIVE	82	1	backfill;generator-not-named-in-record
2026-09-12	9	carve-out-census	annotated-store-inside-__init__	LIVE	83	1	backfill;carve-out-census-gen9.md cand 1;mechanism story was WRONG
2026-09-12	9	carve-out-census	assert-lowers-to-unit	LIVE	84	1	backfill;carve-out-census-gen9.md cand 4
2026-09-12	10	carve-out-census	carve-out-parked-candidate-gen10	LIVE	85	1	backfill;handoff L1064 "3 hits in 7 probes";this ONE probe yielded #85 AND #86
2026-09-12	10	carrier-rerun	survivor-of-85	LIVE	86	2	backfill
2026-09-12	10	control-operation	list-field-elements-definite-zero	LIVE	87	1	backfill
2026-09-12	11	unknown	survivor-of-83	LIVE	88	2	backfill;generator-not-named-in-record
2026-09-12	11	unknown	re-armed-by-85-87	LIVE	89	2	backfill;generator-not-named-in-record
2026-09-12	12	advice-audit	refusal-advice-recommends-the-exploit	LIVE	90	2	backfill
2026-09-13	13	advice-audit	guard-next-door-to-a-sound-advice	LIVE	91	1	backfill
2026-09-13	13	deferral-audit	deferral-handled-over-there	LIVE	92	1	backfill
2026-09-13	13	deferral-audit	deferral-2	LIVE	93	1	backfill
2026-09-13	13	deferral-audit	empty-population-guard-proves	LIVE	94	1	backfill
2026-09-13	14	continue-census	continue-narrows-checking-population	LIVE	95	2	backfill
2026-09-13	14	continue-census	region-assigns-dropped-to-no-writes	LIVE	96	1	backfill
2026-09-13	16	continue-census	fieldless-base-drops-liskov-pair	LIVE	97	1	backfill
2026-09-13	16	continue-census	renamed-param-loses-frame	LIVE	98	2	backfill
2026-09-13	17	control-operation	ub77-memo-gate-foreign-receiver	LIVE	99	2	backfill;carrier is route #94 own repair population
2026-09-13	14	continue-census	composer-inherits-shadowing-method	FAIL-CLOSED	-	-	backfill;handoff L321;positive control PROVES
2026-09-13	14	hand	foreign-receiver-call-non-HS-target	OUT-OF-SCOPE	-	-	backfill;handoff L323;untouched by design, witness 1266
2026-09-13	14	hand	state-reading-noninterference-target	FAIL-CLOSED	-	-	backfill;handoff L325;w67 rejection is WRITING only
2026-09-13	13	advice-audit	preserves-advice-message-both-sites	FAIL-CLOSED	-	-	backfill;handoff L626;prescription SOUND
2026-09-13	13	deferral-audit	w63-reading-alias-guard-keyed-on-ast-Assign	FAIL-CLOSED	-	-	backfill;handoff L630;not exploitable, value model does not propagate array identity
2026-09-13	13	deferral-audit	w64-separated-lowers-to-constant-true	FAIL-CLOSED	-	-	backfill;handoff L636;does NOT escalate, Why3 region typing rejects
2026-09-13	13	hand	fun-flag-residue-on-route93	OUT-OF-SCOPE	-	-	backfill;handoff L641;--fun is user-directed partial verification
2026-09-13	13	deferral-audit	c8-union-narrowing-deferral	FAIL-CLOSED	-	-	backfill;handoff L414;Why3 type-rejects with a PROVING int-typed control
2026-09-13	13	deferral-audit	w63-subscript-get-aliveness	VACUOUS	-	-	backfill;handoff L408;caught by running the aliveness control BEFORE interpreting the refusal
2026-09-13	13	deferral-audit	init-hook-shape	VACUOUS	-	-	backfill;handoff L408
2026-09-13	13	deferral-audit	w67-state-channel	VACUOUS	-	-	backfill;handoff L408
2026-09-13	13	deferral-audit	w68-capability	VACUOUS	-	-	backfill;handoff L408
2026-09-12	12	control-operation	two-field-collectors-made-to-disagree	FAIL-CLOSED	-	-	backfill;handoff L829;len refused both directions, element read faithful
2026-09-12	12	control-operation	len-on-a-collection-FIELD	FAIL-CLOSED	-	-	backfill;handoff L835;non-vacuous length-channel completeness gap
2026-09-12	12	control-operation	frame-half-of-a-self-call	FAIL-CLOSED	-	-	backfill;handoff L839;contracted self-call FAITHFUL, true twin PROVES
2026-09-12	12	advice-audit	route76-remediation-advice-namedtuple	FAIL-CLOSED	-	-	backfill;handoff L845;sound on every reachable shape
2026-09-12	12	control-operation	deque-append-then-len-and-element-read	FAIL-CLOSED	-	-	backfill;handoff L847;route78 control was DEGENERATE, true twin PROVES
2026-09-12	12	advice-audit	pycsl-sem-retann-two-documented-residues	FAIL-CLOSED	-	-	backfill;handoff L851;advice audited, not assumed
2026-09-12	12	hand	nan-axis-floats-not-decidable	FAIL-CLOSED	-	-	backfill;handoff L857;fenced upstream, nan==nan refused
2026-09-12	10	hand	float-field-default-truncated-by-int	FAIL-CLOSED	-	-	backfill;handoff L1028;_field_default arm audit;CERTIFIED BOUNDARY w/ reopening condition
2026-09-12	10	hand	string-field-literal-default	FAIL-CLOSED	-	-	backfill;handoff L1033;_field_default arm audit;unbound String.length
2026-09-12	10	hand	option-arm-of-_field_default	VACUOUS	-	-	backfill;handoff L1035;THE ARM NEVER FIRED, probed twice;measured nothing
2026-09-12	10	control-operation	param-sourced-collection-fields	FAIL-CLOSED	-	-	backfill;handoff L1043;non-vacuously fail-closed, caller actual is bound
2026-09-12	10	carve-out-census	carve-out-candidate-6-hval-map-truthiness	INCOMPLETE	-	-	backfill;handoff L1046;NOT probed, cost-priced instead
2026-09-12	9	carve-out-census	bare-with-ctx-no-as	FAIL-CLOSED	-	-	backfill;carve-out-census-gen9.md cand 2;routes 38/39 refuse the bare form
2026-09-12	9	carve-out-census	try-except-else-drops-the-else	FAIL-CLOSED	-	-	backfill;carve-out-census-gen9.md cand 3;non-jumping else modelled FAITHFULLY
2026-09-12	9	carve-out-census	array-coerce-arg-to-array-make	FAIL-CLOSED	-	-	backfill;carve-out-census-gen9.md cand 7
2026-09-12	9	carve-out-census	mutable-state-set-dict-param-mutation	FAIL-CLOSED	-	-	backfill;carve-out-census-gen9.md cand 8;fail-closed in BOTH directions
2026-09-11	8	control-operation	route76-record-FIELD-carrier	FAIL-CLOSED	-	-	backfill;handoff L1420;fail-closed-by-type-accident, not by a guard
2026-09-11	8	hand	module-global-singleton-field-store	FAIL-CLOSED	-	-	backfill;handoff L1425;confirmed at HEAD, not inherited
2026-09-11	8	hand	module-const-dict-list-fold-mutation	FAIL-CLOSED	-	-	backfill;handoff L1427;explicit PIPELINE REFUSAL
2026-09-11	8	carve-out-census	mutable-state-set-param-via-LOCAL-actual	FAIL-CLOSED	-	-	backfill;handoff L1431;the census strongest remaining lead;PIPELINE ERROR
2026-09-11	8	carve-out-census	dropped-global-declaration	FAIL-CLOSED	-	-	backfill;handoff L1433;LATENT structural defect, not a live route
2026-09-11	8	carve-out-census	ellipsis-lowered-to-integer-0	FAIL-CLOSED	-	-	backfill;handoff L1438;REFUSED (measured); CPython also RAISES so it cannot escalate on the value plane
2026-09-11	8	carve-out-census	gen8-top-four-miss-UNNAMED	FAIL-CLOSED	-	-	backfill;handoff L1273 "the top four gave THREE LIVE ROUTES";the fourth is NOT named in the record
2026-09-11	8	hand	value-differential-eight-fail-closed-constructs	FAIL-CLOSED	-	-	backfill;handoff L1439;FAMILY OF 8 (2**3**2, slice lower-clamp, range step len, count(""), (-2)**3, 0**0, [0]*-2, s[::-1]);ONE ROW UNDER-COUNTS BY 7
2026-09-11	7	control-operation	nine-dunder-carriers-class-instance-comparison	FAIL-CLOSED	-	-	backfill;handoff L1539;FAMILY OF 9 + is/is not + spec </<= ;ONE SHARED Why3 type accident;ONE ROW UNDER-COUNTS
2026-09-11	7	control-operation	value-level-escalation-of-route76	FAIL-CLOSED	-	-	backfill;handoff L1548;Why3 OWN REGION TYPING
2026-09-11	7	control-operation	quantified-carrier-of-route76	FAIL-CLOSED	-	-	backfill;handoff L1552;guard keys on the BINOP, covered for free
2026-09-11	7	hand	axiom-hash-eq-consistent-cls	VACUOUS	-	-	backfill;handoff L1555;BOTH symbols are DEAD, the probe could not reach its target
2026-09-11	7	hand	integer-floordiv-and-mod-negative-divisor	FAIL-CLOSED	-	-	backfill;handoff L1561;MEASURED BOTH PLANES ALL SIX WAYS;OP_MAP comment is stale, lowering is right
2026-09-11	7	hand	bitwise-and-shift-ops-uninterpreted	FAIL-CLOSED	-	-	backfill;handoff L1568;incomplete not unsound, nothing proves
2026-09-11	7	hand	dict-keyed-by-class-instances	FAIL-CLOSED	-	-	backfill;handoff L1572;fails closed BOTH ways
2026-09-11	7	control-operation	old-does-not-bypass-route76-guard	FAIL-CLOSED	-	-	backfill;handoff L1576
2026-09-11	7	oracle-audit	ir-scanner-classification-oracles	FAIL-CLOSED	-	-	backfill;handoff L1578;THREE shapes probed, NOT a proof the class is empty
2026-09-11	6	hand	return-inside-try-with-catch-all-handler	FAIL-CLOSED	-	-	backfill;handoff L1869;gen5 claim (g) REFUTED by measurement
2026-09-11	6	hand	module-global-singleton-field-store-cross-function	FAIL-CLOSED	-	-	backfill;handoff L1872;gen5 claim (c);same-function FAITHFUL
2026-09-11	6	hand	route52-stated-hole-unannotated-string-local	FAIL-CLOSED	-	-	backfill;handoff L1877;gen5 claim (e) does not reproduce
2026-09-11	6	hand	frameless-depends_method	FAIL-CLOSED	-	-	backfill;handoff L1881;finding-w56 CONFIRMED FAIL-OPEN but NO false VALUE claim reachable;harmless by TYPE ACCIDENT;repair built, gated, then REVERTED on IR conformance
2026-09-11	6	hand	abstract-val-lead-bare-s5-subscript	FAIL-CLOSED	-	-	backfill;handoff L1907
2026-09-11	6	hand	abstract-val-lead-s5to6-slice	FAIL-CLOSED	-	-	backfill;handoff L1907
2026-09-11	6	hand	abstract-val-lead-local-set-remove-discard-absent	FAIL-CLOSED	-	-	backfill;handoff L1907;the map_update_none lead
2026-09-11	6	hand	abstract-val-lead-split-elem-oob	FAIL-CLOSED	-	-	backfill;handoff L1907;the str_split_elem_op lead
2026-09-11	6	hand	abstract-val-lead-struct-pack	FAIL-CLOSED	-	-	backfill;handoff L1907;struct.error NOT in KNOWN_EXCEPTIONS, no route available
2026-09-11	6	control-operation	exception-obligation-one-call-deeper	FAIL-CLOSED	-	-	backfill;handoff L1913;FAMILY (callee 1//0, explicit raise, [::0], raise in LOOP, raise in TAKEN BRANCH);ONE ROW UNDER-COUNTS BY 4
2026-09-11	6	hand	raising-ops-negative-index-pop-index-etc	FAIL-CLOSED	-	-	backfill;handoff L1917;FAMILY OF 8;xs[-1] proves as the positive control
2026-09-11	6	hand	assert-is-a-genuine-no-op	FAIL-CLOSED	-	-	backfill;handoff L1920;suspected ASSUMPTION, measured NOT;route16 confirmed both directions;pinned as driver d39
2026-09-11	5	hand	class-invariants-inherited-on-subclass-methods	FAIL-CLOSED	-	-	backfill;handoff L2293;both directions
2026-09-11	5	hand	object-typed-local-aliasing	FAIL-CLOSED	-	-	backfill;handoff L2295;fails closed by TYPE ACCIDENT, not by a guard
2026-09-11	5	hand	present-but-none-vs-absent	FAIL-CLOSED	-	-	backfill;handoff L2298;does NOT collapse, both directions
2026-09-11	5	hand	module-globals-direct-write-and-alias	FAIL-CLOSED	-	-	backfill;handoff L2300
2026-09-11	5	hand	nested-list-inner-aliasing	FAIL-CLOSED	-	-	backfill;handoff L2302;THREE shapes the docs own argument does NOT cover, all type-reject
2026-09-11	5	hand	len-on-a-list-under-conditional-append	FAIL-CLOSED	-	-	backfill;handoff L2306;correctly undecided, real sidecar ref
2026-09-11	5	hand	ten-audited-raising-operations	FAIL-CLOSED	-	-	backfill;handoff L2307;NINE of TEN covered or unreachable;FAMILY;ONE ROW UNDER-COUNTS
2026-09-11	5	control-operation	route60-edges-del-len-spec-set-comprehension	FAIL-CLOSED	-	-	backfill;handoff L2311;refuse independently
2026-09-11	5	control-operation	route61-element-fold	FAIL-CLOSED	-	-	backfill;handoff L2312;faithful, only size broke
2026-09-11	5	hand	implicit-none-return-scalar-annotated	FAIL-CLOSED	-	-	backfill;handoff L2313;type-errors
2026-09-11	5	hand	direct-mutable-state-param-mutation	FAIL-CLOSED	-	-	backfill;handoff L2314;already guarded and fires
2026-09-10	3	control-operation	remaining-float-semantics-paths	FAIL-CLOSED	-	-	backfill;handoff L3060;FAMILY OF 7 after routes 53/58;ONE ROW UNDER-COUNTS BY 6
2026-09-10	3	hand	shapes-where-python-raises	FAIL-CLOSED	-	-	backfill;handoff L3063;FAMILY OF 5;"All fail closed" = measured and refuted
2026-09-10	3	hand	int-collapse-neg-index-bool-key-identity	FAIL-CLOSED	-	-	backfill;handoff L3065;TRUE twins PROVE, so genuinely MODELLED not merely refused
2026-09-10	3	hand	abc-slice-10-20-equals-empty	INCOMPLETE	-	-	backfill;handoff L3070;ONE completeness gap, recorded as such
2026-09-10	3	oracle-audit	collapsed-option-reads-worklist	FAIL-CLOSED	-	-	backfill;handoff L3072;9 sites, 3 classes, ZERO unprobed;generator EXHAUSTED
2026-09-10	3	hand	frame-audit-of-all-758-trusted-stubs	FAIL-CLOSED	-	-	backfill;handoff L3074;5 distinct hits, seven omitted fields UNMODELLED hence benign;the one real hit is a documented CERTIFIED BOUNDARY
2026-09-09	w50	hand	value-sentinel-omitted-arg-str-default	FAIL-CLOSED	-	-	backfill;handoff L3459;BOTH goals Unknown INCLUDING THE TRUE ONE
2026-09-09	w50	hand	value-sentinel-omitted-arg-float-default	FAIL-CLOSED	-	-	backfill;handoff L3459
2026-09-09	w50	hand	union-local-field-projection	FAIL-CLOSED	-	-	backfill;handoff L3462;Why3 usage error
2026-09-08	w49	control-operation	is-none-residue-at-remaining-simple-types	FAIL-CLOSED	-	-	backfill;handoff L3676;FAMILY OF 4 (bytes, float, list, record field);ONE ROW UNDER-COUNTS BY 3
2026-09-08	w49	control-operation	route51-at-the-TUPLE-type	FAIL-CLOSED	-	-	backfill;handoff L3680;the reason it is safe is NOT the refusal
2026-09-08	w49	control-operation	frame-half-of-27th-plane-followup	FAIL-CLOSED	-	-	backfill;handoff L3684;it was the ENSURES half that was live
2026-09-08	w48	hand	erased-local-projections	FAIL-CLOSED	-	-	backfill;handoff L3813;FAMILY OF 4
2026-09-08	w48	hand	chained-comparisons-in-program-code	FAIL-CLOSED	-	-	backfill;handoff L3814;route33 desugar handles them;the types.py comment is STALE
2026-09-08	w48	hand	round-int-on-floats-and-string-ordering	FAIL-CLOSED	-	-	backfill;handoff L3816;type-rejected
2026-09-08	w48	hand	negative-indexing	FAIL-CLOSED	-	-	backfill;handoff L3817;a[-1] lowers to a[len-1], faithful
2026-09-08	w48	hand	true-plus-true	FAIL-CLOSED	-	-	backfill;handoff L3818
2026-09-08	w48	hand	recursion-without-a-variant	FAIL-CLOSED	-	-	backfill;handoff L3818;termination IS checked
2026-09-08	w48	hand	non-terminating-while	FAIL-CLOSED	-	-	backfill;handoff L3819;Why3 termination sub-goal Unknown, run FAILS
2026-09-08	w48	hand	comprehension-generator-set-tuple-compared	FAIL-CLOSED	-	-	backfill;handoff L3820;route41 per-name opacity holds
2026-09-08	w48	hand	abs-max-min	FAIL-CLOSED	-	-	backfill;handoff L3821;abs is an ABSTRACT val with no contract;stated completeness gap
2026-09-13	17	continue-census	subscript-assigns-on-bodyless-val-drops-frame	LIVE	101	1	candidate 1; assigns seq[idx] -> IR Subscript matches neither collector at statements.py:3411/3479; route96 carrier via 3rd node type; ships in pycsl_lib/oper setitem
2026-09-13	17	observer-audit	setattr-unit-noop-vs-pyobj-state-writes	FAIL-CLOSED	-	-	CLOSED by gen20 (was PENDING): STALE-BUT-COVERED. The 2026-08-27 parenthetical at statements.py:2649-2651 ('setattr_3 returns unit and has no writes') is outdated prose over code that DOES declare the write: abstract_ops.py:51-54 appends `writes { _pyobj_state }` to EVERY decl starting `val setattr_`, and functions.py:7042-7057 puts that cell in the enclosing frame (or emits the Why3-rejected empty `writes { }`, i.e. fail-LOUD). Every setattr site routes through _add_abstract_op (statements.py:2633/2637/2656/2685-2686/2690, expressions.py:8625); none writes _abstract_ops directly. The residual unit-no-op arm at statements.py:2654 is triple-gated and its whole population (11 location-stamp sites in pure_ast.py) declares a NAMED assigns, never \nothing. Not a hole. ORIGINAL NOTE: candidate 1 observer-audit; comment 2026-08-27 says setattr_3 has no writes, 9e9ca39d 2026-08-30 added writes {_pyobj_state}; comment stale
2026-09-13	18	carrier-rerun	bare-var-assigns-on-bodyless-val-drops-frame	LIVE	102	1	gen17 named it as a further carrier; MEASURED at HEAD not assumed: `#@ assigns g` -> IR Var matches neither collector loop nor _unframed_regions; false `\result == 7` PROVES, CPython 5; closed by the route101 third arm (base-resolved, not node-typed)
2026-09-13	18	carrier-rerun	nothing-flattening-drops-whole-writes-clause	LIVE	103	2	gen17 census candidate 8; Module5_IREmitter flattens all #@ assigns clauses into one list so a stray `#@ assigns \nothing` beside `g[0..1]` makes nothings non-empty and `if _val_targets and not nothings` at statements.py drops the frame; SURVIVED the route101 repair -> second route; order 2: the `and not nothings` guard is route #96's own repair
2026-09-13	18	carrier-rerun	self-field-subscript-assigns-on-trusted-method-drops-frame	LIVE	104	1	MY find, not on gen17's list: _build_method_writes_map (functions.py:7794) is keyed on a.get('type') in ('FieldGet','Attribute') so `#@ assigns self.xs[0]` contributes NO field; positive control `#@ assigns self.xs` FAILS honestly, the subscript spelling PROVES \result==7, CPython 5; and `self.xs[0..1]` is a PARSE ERROR so the range escape does not exist for self-fields
2026-09-13	18	carrier-rerun	self-field-subscript-via-foreign-receiver	VACUOUS	-	-	first c6 probe: positive control did NOT fire — `ensures` on __init__ emits unbound `self` at the let-binding (Why3 line 15 type error) and the b.poke() call lowered to an abstract op b_poke_0 () with no receiver; re-run as c6b with the contract moved onto a method
2026-09-13	18	continue-census	record-var-receiver-raises-obligation-dropped	LIVE	105	1	census candidate 1; expressions.py:7281 _r100n flattens only the self. spelling so `c.f(k)` keys _module_func_raises on the literal 'c.f' -> raises=[] -> no_exception discharged by nobody; route #100 at the NEXT receiver spelling; correct key already computed at expressions.py:6678
2026-09-14	20	continue-census	record-var-call-frame-has-no-objstate-fallback	LIVE	109	2	CLOSED by gen20 (was PENDING): PROVED at HEAD c803d6ff, BOTH DIRECTIONS. EXPLOIT recordvar_arm.py proves `#@ assigns \nothing` over `c.bump()` whose callee declares `#@ assigns self.hidden`; emitted avatar is `val c_bump_0 () : unit` with NO writes clause AND NO receiver param, while the method's own definition in the SAME file carries `writes { _pyobj_state }`. CPython c.bump() sets c.hidden=5. CONTROL self_arm.py, same callee via `self.bump()`, FAILS for the RIGHT goal: 'this expression depends on variable _pyobj_state, which is left out in the specification', and its avatar IS framed (`val self_bump_0 (self: c) : unit writes { _pyobj_state }`). order=2: the carrier IS the #32 SPIKE `_objstate_w` repair, whose own docstring describes the hazard the OTHER arm still has. ORIGINAL NOTE: census candidate 2; expressions.py:6696 the <recordvar>.m() branch builds a 6-tuple field_spec while the self. twin at :6640 builds a 7-tuple WITH the _objstate_w coarse fallback; a field first bound outside __init__ survives the label filter as empty -> no frame
2026-09-13	18	continue-census	dict-param-clear-update-is-an-erased-noop	FAIL-CLOSED	-	-	census candidate 7 (gen17 ranked it too); _seed_mutated_collection_params enumerates .add/.discard/.remove while _reject_param_collection_mutation fires on ANY method name but is GATED on that seed's output; .clear/.update/.pop erased by the @mutable_state no-op branch at statements.py:3100
2026-09-14	20	continue-census	try-else-splice-swallows-a-callee-raise	LIVE	108	1	CLOSED by gen20 (was PENDING): PROVED at HEAD 113f38a7. b_catch.py — callee `boom` (name deliberately free of a 'raise' substring) raises ValueError inside a try's else:; emitted wrapper shows the else SPLICED INSIDE the try (`y := 1; let _ = (boom k) in ()` under `with ValueError -> y := 9`), so the model CATCHES what Python lets escape; and _callee_raised_in skips orelse so wrapper's raises summary is EMPTY and a `#@ no_exception ValueError` caller is discharged by nobody. Verification SUCCESS while CPython caller(-1) RAISES. SURVIVES the #100->#105 repair chain because that chain fixed the receiver KEY and here the SET looked up is what is empty. ORIGINAL NOTE: census candidate 6; stmt_control_flow.py:1809 splices the else block INSIDE the try when its lowered text has no literal 'raise', but the handler-arm population at :1818 is computed from body_stmts ONLY — an else-block raise via a `#@ raises` callee is caught by an arm built for the try body; Python lets it escape
2026-09-13	18	continue-census	record-var-receiver-raises-first-attempt	VACUOUS	-	-	first c1 probe measured NOTHING: the wrap genuinely did not fire (emission shows a bare `(c_f_1 k)` with no assert/try vs the self control's `assert { not (k<0) }; try … with ValueError -> absurd`) but the file still FAILED, on an UNRELATED goal — a FIELDLESS class is modelled `type helper = int` so the callee's `ensures result >= 0` vanished too. Re-run as c1b with a real field and the no_exception as the ONLY claim
2026-09-13	18	continue-census	global-instance-receiver-raises-obligation-dropped	LIVE	105	1	THIRD receiver spelling, same route: `_h = Helper()` at module scope then `_h.f(k)` also proves `#@ no_exception ValueError` with no obligation; CPython raises
2026-09-13	18	carrier-rerun	inlined-module-global-call-bypasses-the-raises-wrap	LIVE	106	1	SURVIVED the #105 repair -> its own route. A method call on a MODULE-GLOBAL instance (`_h = Helper()`; `_h.f(k)`) is INLINED (inline.md Phase 1) so it never reaches _handle_dotted_call or the wrap at all; the callee's raise becomes the CALLER's own emitted `raises { ValueError }` while the caller declares `#@ no_exception ValueError` and PyCSL reports SUCCESS. CPython caller(-1) raises. Inlined EVEN WHEN THE CALLEE IS \trusted — the val is emitted and never called
2026-09-13	18	carrier-rerun	direct-raise-under-no_exception	OUT-OF-SCOPE	-	-	a function that itself does `raise ValueError` while declaring `#@ no_exception ValueError` reports SUCCESS — but annotations.md row 13 / §2.1.13 define no_exception as covering IMPLICIT exceptions only, so this is DOCUMENTED semantics, not a route. Recorded so it is not re-probed as one
2026-09-14	20	continue-census	try-else-block-deleted-by-a-raise-substring-in-an-identifier	LIVE	107	1	PROVED at HEAD 113f38a7, BOTH DIRECTIONS. stmt_control_flow.py:1809 `if _else_str.strip() and "raise" not in _else_str` is a SUBSTRING test over LOWERED TEXT; a local named `praiseworthy` deletes the whole else block silently. a_exp2.py proves `ensures \result == 1` (rc=0, Valid) while CPython returns 5; emitted `let f ()` has NO else branch. CONTROL a_ctl2.py, identical minus that one dead local, correctly FAILS (Unknown) on the postcondition — so the proof is caused by the substring and the instrument is not vacuous. Route #37's fence (pycsl.py:1013) tests four statement KINDS and an Assign is none of them, so nothing refuses.
2026-09-14	20	continue-census	no-exception-caller-over-an-else-block-callee-raise	VACUOUS	-	-	FIRST ATTEMPT at the #108 witness, logged because a denominator written only when the result is interesting is not a denominator. The callee was named `may_raise`, whose NAME contains the substring 'raise', so stmt_control_flow.py:1809 DELETED the else block instead of splicing it. The file PROVED, but via route #107's mechanism, not #108's — the emitted wrapper had no call at all and warned `unused variable k`. Re-run with the callee renamed `boom` before believing anything. READING THE WHOLE EMITTED FILE is what caught this; the proof alone would have been attributed to the wrong route.
2026-09-14	20	continue-census	r107-refusal-control-no-try-at-all	VACUOUS	-	-	Refusal control x_ctl_bare.py intended to show the no_exception gate CAN refuse. It did fail (rc=1) but reading WHICH goal failed shows an unrelated Why3 typing error, `This function has side effects, it cannot be used as pure`, not the no_exception obligation. A CONTROL THAT FAILS IS A CLAIM ABOUT THE CONTROL UNTIL YOU READ WHICH GOAL FAILED. Superseded by a_ctl2.py, which refuses for the RIGHT reason.
2026-09-14	20	deferral-audit	desugar-try-reaches-assert-blind-to-else-block	INCOMPLETE	-	-	ADJACENT to #108 and NOT RUN: _try_reaches_assert in frontend/desugar.py scans `for _stmt in node.body` only, so ROUTE #16's assert-inside-a-catching-try fence looks blind to an assert written in the else block. Named here as a candidate so it is not lost; it has NOT been probed and must not be reported as a finding.
2026-09-14	21	continue-census	callee-raise-in-a-spliced-finally-block-dropped-from-raises-summary	FAIL-CLOSED	-	-	LOGGED BEFORE INTERPRETING. _callee_raised_in (stmt_control_flow.py:1669-1685) recurses into a Try body and handlers then `continue`s, visiting NEITHER orelse (that is route #108) NOR finalbody. The #33 finally splice fires when `not handlers and "raise" not in body_str`, so a `try: ... finally: boom()` with NO except clause EMITS the call while the summary omits its declared raise. Probe: a `#@ no_exception ValueError` caller over such a wrapper. VERDICT: FAIL-CLOSED, and NOT vacuous — the mechanism DID fire. c_final.py emits the spliced finally (`let _ = (boom k) in ()` is present in the emitted `wrapper`, read in full with --keep-mlw), so _callee_raised_in's finalbody blindness is real and the raises summary IS incomplete. It is fenced by WHY3'S OWN EXCEPTION TYPING: `wrapper` carries no `raises` clause, so `this expression raises unlisted exception ValueError` is a TYPE ERROR (rc=1, c_final.mlw:25). NAMES THE FENCE for the whole class: the summary half of routes #108/#110 is fail-closed WHENEVER the raise actually ESCAPES the emitted function; #108 evades it ONLY because the else is spliced INSIDE a try whose handler arm catches it. Consequence for the #107+#108 repair: once the else is lowered OUTSIDE the try, fixing _callee_raised_in to visit orelse is REQUIRED for the corpus to type-check at all, not optional.
2026-09-14	21	substring-census	coerce-to-int-replaces-a-call-argument-with-0-when-the-callee-is-named-any_1	LIVE	110	1	LOGGED BEFORE INTERPRETING. Sub-agent census claim, NOT yet verified by me. expressions.py:1017-1022 `_coerce_to_int` returns the literal "0" when the LOWERED argument text starts with any of ("(Array.make","(Array.sub ","(array_slice ","(sorted_1 ","(list_new_arr ","(any_1 ","(all_1 "). Those last four are ORDINARY IDENTIFIER SPELLINGS: a user function named any_1/all_1/sorted_1/list_new_arr lowers a call to `(any_1 a)` and matches. Claim is that the argument value is discarded. The agent had no why3 and ran NO proof; I must prove or refute it myself. VERIFIED BY ME WITH A REAL PROOF, BOTH DIRECTIONS, at HEAD fb69f158. d_any1.py: `xs = [any_1(x)]; return xs[0]` PROVES `ensures \result == 0` (rc=0) while CPython returns x+1 >= 1; the emitted list literal is `Array.make 1 (0)` -- the CALL IS GONE, replaced by the literal 0. CONTROL d_ctl.py is byte-identical but for renaming any_1 -> anyq_1: rc=1 FAILED, and the emission keeps `(anyq_1 x)`. The ONLY difference between a false proof and an honest refutation is the SPELLING OF A USER-CHOSEN FUNCTION NAME. Same list also exposes all_1, sorted_1, list_new_arr, array_slice; map_prefixes adds map_update_some, map_update_none. ROUTE #110.
2026-09-14	21	substring-census	dict-typed-self-field-clobbered-with-the-empty-map-on-a-non-alnum-RHS	LIVE	111	1	LOGGED BEFORE INTERPRETING. Sub-agent census claim, NOT yet verified by me. statements.py:2607-2612: for a set/dict/frozenset self-field, if the LOWERED RHS text does not start with one of ("(map_update_some ","(map_update_none ","(const (None: option int)","(Map.get ") AND is not alnum after stripping _ and !, the RHS is REPLACED by "(const (None: option int))" -- the everywhere-empty map. Agent claims `self.d = other.d` reaches it with NO adversarial naming. Agent ran no proof. Must prove or refute myself. VERIFIED BY ME, BOTH DIRECTIONS, at HEAD ee8da689. Took THREE attempts and the first two are logged separately as the honest cost: (1) `self.d2 = src.d` across two objects died on an UNRELATED type error (a record passed where the avatar wanted int); (2) `self.b = self.a` called from OUTSIDE died because the caller sees a value-opaque avatar `val c_copy_over_0 ... writes {self.b}` with no ensures, so NEITHER the true nor the false claim proved. DECISIVE SHAPE: write AND read the field in the SAME method body, so no avatar sits between the clobber and the proof. e3_dict.py PROVES `ensures \result == 0` (rc=0) while CPython returns 1; emitted body reads `self.b <- (const (None: option int))` though the SAME record literal models `a = (map_update_some (const None) 1 5)` faithfully -- the information exists and is thrown away. CONTROL e3_ctl.py routes the identical assignment through a local (`t = self.a; self.b = t`), whose lowering `!t` IS alnum after stripping, so the value SURVIVES as `self.b <- !t` and the same false claim is correctly REFUTED (rc=1, right goal). ALSO MEASURED: `self.b = {1: 5}` in a NON-__init__ method is clobbered too, so route #85's faithful-dict-literal repair covers __init__ record literals only. ROUTE #111.
2026-09-14	22	carrier-rerun	dict-literal-local-annotated-in-an-int-function	FAIL-CLOSED	-	-	Carrier: #111's second fact (a dict literal in a non-__init__ method lowers to the empty map). Re-run on a LOCAL annotated literal `d: Dict[int,int] = {1: 5}` then `1 in d`. The false claim `\result == 0` is REFUSED on the postcondition goal (read), the true twin PROVES; the local is lowered faithfully as a map_update_some chain by the statement path. Fence named: the local-assignment arm builds its own chain and never reaches DictLitExpr's empty-map fallback.
2026-09-14	22	carrier-rerun	dict-literal-inline-in-a-membership-test	FAIL-CLOSED	-	-	`if 1 in {1: 5}`. rc=1 on a WHY3 TYPE ERROR (contains_check takes int, the literal lowers to `(const (None: option int))`), NOT on the postcondition. Fail-closed by type rejection; the literal DOES lower to the everywhere-empty map here too, the contains_check int signature is the fence.
2026-09-14	22	carrier-rerun	dict-literal-passed-as-a-call-argument-lowers-to-the-empty-map	LIVE	112	1	LOGGED BEFORE WRITING THE ROUTE. `g({1: 5})` where g has `ensures (1 in d) ==> \result == 1` and `(not (1 in d)) ==> \result == 0`. f's FALSE `ensures \result == 0` PROVES (rc=0) while CPython returns 1 (run). TRUE twin `\result == 1` REFUSED (rc=1, the f postcondition goal, read). Emitted: `(g (const (None: option int)))`. Mechanism: DictLitExpr in expressions.py falls back to `(const (None: option int))` for every non-empty literal outside a map-returning function (the relaunch-#16 faithful chain is gated on _func_return_type), and route #86's any_map repair in the map-param coercion KEEPS it because it starts with the `(const (None: option int)` map prefix. #86 fixed the coercion's own witness and let a literal that was already erased walk through its prefix test.
2026-09-14	22	carrier-rerun	dict-call-over-a-literal-passed-as-argument	FAIL-CLOSED	-	-	Sibling of #112: `g(dict({1: 5}))`. False `\result == 0` REFUSED (f postcondition Unknown). Emission `(g (any_map ()))`: the dict(...) call arm lowers to route #86's UNCONSTRAINED map, so the literal inside is never consulted. Fence: #86's any_map on the call path.
2026-09-14	22	carrier-rerun	dict-call-over-pairs-passed-as-argument	FAIL-CLOSED	-	-	`g(dict([(1, 5)]))`. Same verdict and fence as dict({1: 5}): `(g (any_map ()))`, false claim refused on the f postcondition.
2026-09-14	22	carrier-rerun	dict-literal-through-a-local-then-argument	FAIL-CLOSED	-	-	`x = {1: 5}; return g(x)`. False claim refused. The local path lowers the literal FAITHFULLY (`map_update_some (const None) 1 5`) and `!x` is alnum, so #86's coercion keeps it. Fence: the statement-level literal chain. This is the CONTROL that isolates #112 to the literal-in-argument-position spelling.
2026-09-14	22	carrier-rerun	set-call-over-a-list-literal-local	FAIL-CLOSED	-	-	`s: Set[int] = set([1, 2]); 1 in s`. rc=1 on a WHY3 TYPE ERROR (set_1 result expected int) — refused by typing, not by the postcondition. Fence: set_1's int signature.
2026-09-14	22	carrier-rerun	set-literal-annotated-local	FAIL-CLOSED	-	-	`s: Set[int] = {1, 2}; 1 in s`. rc=1 on a WHY3 TYPE ERROR: the local is emitted `ref 0` and the membership reads `pycsl_erased_s` (int where a map is expected). Refused by typing. NOTE the erasure itself (an annotated set literal local lowered to `ref 0`) is a COMPLETENESS gap, fenced by type rejection.
2026-09-14	23	carrier-rerun	dict-self-field-store-from-a-dict-returning-call-in-the-same-method	LIVE	111	1	LOGGED BEFORE THE REPAIR. Third RHS spelling of route #111 (gen #22 wrote e3_call.py and never ran it to a HEAD verdict). `self.b = mk()` where `mk() -> Dict[int,int]` returns {1: 5}, then `1 in self.b` in the SAME method. False `ensures \result == 0` PROVES rc=0 at HEAD 6f36d67f; CPython returns 1 (run). Emitted `self.b <- (const (None: option int))` although `mk` is emitted `let mk () : map int (option int)` -- the RHS was well-typed and was discarded by the isalnum() text test. Same route, not a new one: the clobber is the single site statements.py:2610-2612; recorded so the repair is gated against the call spelling too.
2026-09-14	23	substring-census	coerce-to-int-hashes-a-call-whose-string-argument-contains-a-comma--distinct-texts	FAIL-CLOSED	-	-	Candidate from gen #21 census: expressions.py _coerce_to_int tuple arm `"," in s and s.startswith("(") and s.endswith(")")` -> stable_hash(text). Run at baseline worktree 21d5029e (source == HEAD 6f36d67f). `xs = [g(x, "a,b")]`: MECHANISM FIRED, emission `Array.make 1 (1077105142)` -- the call is GONE, replaced by a hash of its TEXT; control with "ab" keeps `(g x "ab")`. But the false claim `b - a == 0` used g(x) and g(x+1), whose TEXTS differ, so the two hashes differ and the claim was refused. Shape defeated by my own choice of spelling, not by a fence; re-run with identical text over a changed value.
2026-09-14	23	substring-census	coerce-to-int-hashes-a-call-whose-string-argument-contains-a-comma--same-text-changed-value	LIVE	113	1	LOGGED BEFORE INTERPRETING. Baseline worktree 21d5029e (source == HEAD 6f36d67f). `y = x; xs = [g(y, "a,b")]; a = xs[0]; y = y + 1; ys = [g(y, "a,b")]; b = ys[0]; return b - a` with g contracted `\result == x`. FALSE `ensures \result == 0` PROVES rc=0; CPython returns 1 (run). Both list literals emitted `Array.make 1 (1542663842)`: the call is replaced by stable_hash of its lowered TEXT `(g !y "a,b")`, identical text over two different values of y. CONTROL c_nocomma2 (string "ab", no comma) keeps `(g !y "ab")` and the same false claim is REFUSED rc=1. TRUE twin `\result == 1` refused rc=1. The only difference between a false proof and an honest refutation is a COMMA INSIDE A STRING LITERAL ARGUMENT. Mechanism: expressions.py _coerce_to_int tuple arm keys "is this a tuple?" on `"," in text and text starts "(" and ends ")"`. ROUTE #113.
2026-09-14	23	substring-census	coerce-to-int-tuple-hash-in-a-list-of-tuples-literal	FAIL-CLOSED	-	-	Sibling of #113 on the SAME arm (the tuple->stable_hash collapse that the docstring calls "benign documented" A7). `xs: List[Tuple[int,int]] = [(y, 1)]` twice around `y = y + 1`, false `b - a == 0` REFUSED. Fence named: a List[Tuple] literal is emitted `Array.make 1 ((!y, 1))` -- a REAL Why3 tuple, never routed through _coerce_to_int. Baseline worktree 21d5029e.
2026-09-14	23	substring-census	tuple-dict-key-hashed-by-its-lowered-text-not-its-value	LIVE	114	1	LOGGED BEFORE INTERPRETING. Same arm as #113, DIFFERENT DEFECT: #113 is a CALL misclassified as a tuple; this is a GENUINE tuple whose value is replaced by stable_hash of its TEXT. Baseline worktree 21d5029e. `d: Dict[Tuple[int,int],int] = {}; d[(y, 1)] = 5; y = y + 1; if (y, 1) in d: return 1; return 0`. FALSE `ensures \result == 1` PROVES rc=0; CPython returns 0 (run). Emitted: `d := map_update_some !d 785150688 5` and `Map.get (!d) (785150688)` -- both keys are the hash of the text `(!y, 1)`, identical across a store to y. A correct tuple/call classifier would NOT close this: the collapse itself (the docstring calls tuple->hash a "benign documented collapse (A7)") is the route. ROUTE #114.
2026-09-14	23	substring-census	tuple-component-projection-returned-from-a-try-body-is-hashed	LIVE	113	1	Logged immediately after the run (same step; not interpreted before the row). FOUND BY THE INSTRUMENTED CENSUS of the tuple arm (10 hits in 4 trees, 1 NONTUPLE): corpus 0607 `at_second` emits `raise (Return 1780430539)` for `return a[i][1]` -- the lowered projection `(let (_, _r1_) = a[i] in _r1_)` contains a comma and is paren-wrapped, so it is "a tuple" and becomes a hash of its TEXT. 0607 itself PASSES on that constant (`ensures \result >= 0`). Exploit t_proj.py (baseline worktree 21d5029e, --memory-model hoare): same body, `ensures \result > 1000` PROVES rc=0; CPython returns 20 / 40 (run). TRUE `\result == 20 or \result == 40` refused rc=1 on at_second postcondition. SECOND CARRIER OF #113 -- no string literal needed, and a pinned corpus file already stands on the false constant.
2026-09-14	23	witness-census	immediately-applied-lambda-call-lowers-to-the-literal-0	LIVE	115	1	NEW GENERATOR `witness-census` (gen #23): enumerate every emitter site that RETURNS A DEFINITE CONSTANT ("0", const None, "true") for a construct it does not model, and ask whether the constant is reachable in value position. 57 such sites grepped in module6_whyml. Candidate: expressions.py `UnknownPyExpr -> "0"`, fed by Module5 `_py_expr_to_ir`s catch-alls (an unhandled ast type, and a Call whose func is not a Name/Attribute). Logged immediately after the run (same step). Baseline worktree 21d5029e (source == HEAD 6f36d67f). `return (lambda y: y + 1)(x)` under `requires x >= 0`: FALSE `ensures \result == 0` PROVES rc=0; the whole emitted body is `0`; CPython returns x+1 (f(0)=1, f(5)=6, run). No refusal, no warning. ROUTE #115.
2026-09-14	23	witness-census	subscripted-callable-call-lowers-to-the-literal-0	VACUOUS	-	-	`fs: List[Callable[[int],int]] = [inc]; return fs[0](x)`. The erasure FIRED (emitted body `... in 0`), but the run died on an UNRELATED Why3 error ("Symbol inc is already defined in the current scope") before any goal was attempted, so the false claim was never tested. MEASURED NOTHING about provability; re-probe with a shape that avoids the duplicate symbol.
2026-09-14	23	witness-census	tuple-literal-into-an-int-local-placeholder-0--subscript-read	FAIL-CLOSED	-	-	statements.py `if vt in ("Tuple","SetLit"): val = "0"` for an untyped tuple local. `t = (x, 1); t = (x + 5, 2); return t[0]`, false `\result == 0`: REFUSED rc=1. The store IS erased (`t := 0` twice) but the READ is `(subscript_get pycsl_erased_t 0)` over an unconstrained erased symbol, not over the stored 0. Fence named: tuple-local reads go through `pycsl_erased_<name>`. Baseline worktree 21d5029e.
2026-09-14	23	witness-census	tuple-literal-into-an-int-local-placeholder-0--equality	FAIL-CLOSED	-	-	Same site, equality spelling: `t = (x, 1); u = (x + 5, 1); if t == u: return 1`, false `\result == 1` REFUSED rc=1. Emitted `if (pycsl_erased_t = pycsl_erased_u)`: two DISTINCT unconstrained symbols, so the placeholder 0 stored in both refs never meets the comparison. Same fence as the subscript spelling.
2026-09-14	23	witness-census	subscripted-callable-call-lowers-to-0-despite-route24-comment-claiming-it	LIVE	115	2	Logged immediately after the run (same step). Re-probe of the VACUOUS fs[0](x) row, avoiding the duplicate symbol: `def f(fs: List[Callable[[int],int]], x: int) -> int: return fs[0](x)` under `requires len(fs) > 0`, FALSE `ensures \result == 0` PROVES rc=0; the whole body is `0`; CPython f([lambda y: y+1], 0) = 1 (run). ORDER 2: route #24 repair (expressions.py opaque_dynamic_call arm) states in its own comment that it covers "a call whose CALLEE is not a plain name ... `type(self)(...)`, `self.fns[0]()`, a computed constructor", and corpus 0996 repeats it. It does not: a Subscript or Lambda callee never reaches that arm, because Module5 `_py_expr_call` turns it into UnknownPyExpr first, and UnknownPyExpr lowers to "0". The docstring promise is broader than the guard -- generator #1 mirror image. Same route as #115, second carrier.
2026-09-14	23	witness-census	string-literal-factory-call-lowered-as-a-call-to-the-function-named-by-the-string	VACUOUS	-	-	Mechanism read from Module5 `_py_expr_call` while verifying #115: a call whose callee is `<bare name>("<string>")` becomes `Call(func="<string>")` -- `pick("inc")(3)` is emitted `(inc 3)` WHATEVER pick returns (pick returns dec; CPython 2). The erasure FIRED (emission read) but the run died on an unrelated Why3 error ("Symbol dec is already defined" -- a function used as a value is emitted twice) before any goal ran. Measured nothing; re-probe with pick not naming a function in its body.
2026-09-14	23	carve-out-census	string-factory-callee-lambda-bodied-pick	VACUOUS	-	-	Re-probe of the string-factory mechanism with `pick` returning `lambda y: y - 1`: emission of f is `(inc 3)` (erasure fired) but the run died on a Why3 type error IN PICK (a lambda where int is expected) before f was judged. Measured nothing.
2026-09-14	23	carve-out-census	string-factory-callee-trusted-pick	LIVE	116	1	Logged immediately after the run (same step). `pick` marked \trusted (no ensures -- the trust asserts nothing about what pick returns), f = `return pick("inc")(3)` with false `ensures \result == 4`: PROVES rc=0, emitted body `(inc 3)`; CPython 2 (pick returns dec). Kept as a LIVE row but NOT used as the route witness because a \trusted sits in the file; see the class-callable row.
2026-09-14	23	carve-out-census	callable-class-constructed-with-a-string-literal-is-lowered-as-a-call-to-the-function-that-string-names	LIVE	116	1	Logged immediately after the run (same step). NO trust, ordinary Python: class Pick with __init__(self, name: str) and __call__(self, y) contracted `\result == y - 1`; f = `return Pick("inc")(3)`; module also defines inc contracted `\result == y + 1`. FALSE `ensures \result == 4` PROVES rc=0; emitted body of f is `(inc 3)`; CPython returns 2 (run). Mechanism: Module5_IREmitter `_py_expr_call` CLASS-BY-NAME FACTORY arm: callee `Call(Name, [Constant str])` with one positional arg and no keywords -> `{"type":"Call","func": <the string>}` -- a recognizer written for pure_ast.py `_N("If")(...)`, applied to EVERY program, fenced only by a census comment ("161 with a string-literal argument, all in pure_ast.py; the reference corpus has none"). A census is a measurement of today, not a guard. Baseline worktree 21d5029e (source == HEAD). ROUTE #116.
2026-09-14	23	witness-census	class-by-name-ternary-construction-declines-to-the-literal-0	LIVE	116	1	Logged immediately after the run (same step). Census site expressions.py:17130 (`if not (_ctor and ... startswith(f"({_ctor} ")): return "0"`), predicted in route #116 file as the companion VARIABLE-NAME arm. `name = "inc" if c else "dec"; return Pick(name)(3)` (Pick a callable class, __call__ -> y - 1). `_collect_class_name_ternaries` accepts ANY single-assigned string ternary local (not gated on the pyast parser), Module5 makes ClassByNameCall, Module6 finds the ternary, `_ctor` is None outside the pyast model, and the construction DECLINES TO THE LITERAL 0. FALSE `ensures \result == 0` PROVES rc=0; emitted body `let name = ref (...) in 0`; CPython f(True)=f(False)=2 (run). Its own comment says a decline "falls through ... then to the pre-existing scalar `0`" -- the witness value is documented as intended. Second carrier of #116 (same recognizer, variable-name arm).
2026-09-14	23	witness-census	array-local-returned-on-the-int-raise-path-collapses-to-0	LIVE	117	1	Logged immediately after the run (same step). Census site stmt_control_flow.py `_handle_return`: `if val_ir is a Var in _array_locals: val = "0"` on the `raise (Return int)` path ("collapse the value to 0 (lossy but at least type-correct)"). `def f(x: int) -> Any: xs: List[int] = [x, 1]; if x > 0: return xs; return 0` with FALSE `ensures \result == 0`: PROVES rc=0; emitted `if (x > 0) then raise (Return 0) else raise (Return 0)`; CPython f(1) returns [1, 1], which != 0. A list is modelled as the integer 0 -- the comment calls the witness "lossy"; it is a definite wrong value. Baseline worktree 21d5029e. ROUTE #117.
2026-09-14	23	witness-census	array-local-returned-on-the-int-raise-path--union-annotation	FAIL-CLOSED	-	-	Same site, `-> Union[int, List[int]]`: refused on a WHY3 TYPE ERROR (the contract compares the union result to int). Note the emission still carries the witness: `raise (Return__union_f_0 (Arm_0_1 0))` -- the List arm payload is the literal 0. Fence: the union return type makes `\result == 0` ill-typed, not the erasure being caught.
2026-09-14	23	witness-census	array-local-returned-on-the-int-raise-path--no-return-annotation	LIVE	117	1	Same site, NO return annotation at all (`def f(x: int):`): false `ensures \result == 0` PROVES rc=0, both arms `raise (Return 0)`; CPython f(1) = [1, 1]. The most ordinary spelling of #117.
2026-09-14	23	carve-out-census	class-by-name-factory-with-the-mirrors-own-helper-name-over-a-fake-namespace	LIVE	116	1	Logged immediately after the run (same step). The recognizer names `_N` in its comment; a program defining `_g = {"inc": dec}` and `def _N(name): return _g[name]` with `return _N("inc")(3)`: FALSE `ensures \result == 4` PROVES rc=0 at baseline worktree 21d5029e, body `(inc 3)`; CPython 2. With the draft structural fence (G must be bound once to a bare globals() call) the same file is refused, body `(any int)`. CONTROL n_globals_pos (`_g = globals()`, the pure_ast shape): `(inc 3)` kept and the TRUE `\result == 4` PROVES in BOTH trees (CPython 4) -- the fence keeps the faithful case.
2026-09-14	23	witness-census	list-extended-step-slice-then-index	FAIL-CLOSED	-	-	Census site: SliceExpr lowers to "0". `ys = xs[::2]; return ys[1]` REFUSED at emission: "an EXTENDED slice x[lo:hi:step] is not modelled ... ignores the step entirely". Fence named: the extended-slice refusal fires before the Slice node reaches a value position. Baseline worktree 21d5029e.
2026-09-14	23	witness-census	string-reversal-slice-then-len	FAIL-CLOSED	-	-	Same site, `t = s[::-1]; return len(t)` with false `\result == 0`: REFUSED by the same extended-slice refusal.
2026-09-15	23	carrier-rerun	route109-recordvar-arm-reproduced-at-HEAD-before-repair	LIVE	109	2	Re-reproduction of the OPEN route #109 at baseline worktree 21d5029e (source == HEAD) before repairing it: witnesses-r109/recordvar_arm.py PROVES `#@ assigns \nothing` over `c.bump()` (rc=0), avatar `val c_bump_0 () : unit` with no receiver and no writes; self_arm.py control FAILS on "depends on variable _pyobj_state, which is left out". Not a new route: a status re-measurement, logged because a probe not logged did not happen.
2026-09-15	23	witness-census	list-concat-passed-to-a-list-parameter-array-placeholder	FAIL-CLOSED	-	-	Census site: _array_coerce_arg returns the definite placeholder `(Array.make 1 0)` for unrecognised array arguments. `g(xs + ys)` where g ensures `\result == len(a)`, false `\result == 1`: REFUSED on a WHY3 TYPE ERROR -- `(xs + ys)` has head token `xs` (alnum) so it is PASSED THROUGH as integer `+` over arrays, never replaced by the placeholder. Fence: the head-token pass-through + Why3 typing. Baseline worktree 21d5029e.
2026-09-15	23	witness-census	generator-built-list-passed-to-a-list-parameter	FAIL-CLOSED	-	-	`g(list(v + 1 for v in xs))` (g ensures `\result == len(a)`), false `\result == 1` with len(xs)==3 (CPython 3): REFUSED on a WHY3 TYPE ERROR -- emitted `(g (list_new 0))`, and `list_new` is int-typed where g wants an array. The GenExp scalar 0 did reach the argument, but the abstract list_new signature, not the placeholder, is what typing saw. Fence: the int signature of list_new. Baseline worktree 21d5029e.
2026-09-15	23	witness-census	optional-str-ternary-none-arm-lowered-to-empty-string--is-not-none-spelling	VACUOUS	-	-	Census site expressions.py faithful-string-ternary: in a str context a `None` arm of `<str> if c else None` becomes `""`. First spelling used `#@ ensures \result is not None`, a PyCSL PARSE ERROR (not contract syntax) -- measured nothing; control o_ternnone_ctl died the same way.
2026-09-15	23	witness-census	optional-str-ternary-none-arm-lowered-to-empty-string--tail-return	FAIL-CLOSED	-	-	`def f(c) -> Optional[str]: return "a" if c > 0 else None` with `#@ ensures \result != None` (CPython f(0) is None). Emitted tail `(if (c > 0) then "a" else "")` -- the None arm IS the empty-string witness -- but the function returns the union `_union_f_0` and the bare string is a WHY3 TYPE ERROR. Fence: the tail return is not injected into the union, so the witness never type-checks. Baseline worktree 21d5029e.
2026-09-15	23	witness-census	optional-str-ternary-none-arm-lowered-to-empty-string--raise-return	FAIL-CLOSED	-	-	Same site on the raise path: `if c < 100: return "a" if c > 0 else None` emits `raise (Return__union_f_0 (if (c > 0) then "a" else ""))` -- still NOT injected into `Arm_0_0`, WHY3 TYPE ERROR. Same fence. NOTE for a future generation: the comment on this arm says the literal "" is injected into the string arm at the return site; neither measured return path does that, so the day the injection is added this witness becomes a live None -> Some "" route. Recorded as a watch item, not a route.
2026-09-15	23	carrier-rerun	module-level-rebinding-of-a-function-name-is-ignored-by-direct-calls	LIVE	118	1	Logged immediately after the run (same step). Found while carrier-rerunning gen #23s own #116 fence (does rebinding a name the helper looks up defeat it?) -- the control for that probe turned out to be the sharper route. `def inc(y) (ensures \result == y + 1)`, `def dec(y) (ensures \result == y - 1)`, module-level `inc = dec`, then `def f(): return inc(3)` with FALSE `ensures \result == 4`: PROVES rc=0 at baseline worktree 21d5029e AND on the batch-2 draft; emitted body `(inc 3)` against the ORIGINAL def; CPython returns 2 (run). First-order: the carrier is not a campaign artefact, a module-level Assign to a def name is simply not consulted by call resolution. ROUTE #118.
2026-09-15	23	carrier-rerun	route116-fence-defeated-by-mutating-the-globals-namespace-through-a-subscript	LIVE	116	2	Logged immediately after the run (same step). ORDER 2, carrier = gen #23s OWN draft #116 fence (G bound once to bare globals(), no NAME rebinding). Module-level `_g["inc"] = dec` is a SUBSCRIPT store, not a rebinding, so `_N` still qualifies and `_N("inc")(3)` is emitted `(inc 3)`: FALSE `\result == 4` PROVES on the draft (and at baseline); CPython 2. The fence counted Name targets only -- lesson (9) of the campaign exactly: a confinement check keyed on the syntactic shape of a write target. Shares its root with #118 (the name->def binding is assumed immutable); the draft fence must additionally refuse any module-level store through G and any rebinding of a looked-up name before #116 can be called closed.
2026-09-15	23	carrier-rerun	duplicate-def-of-a-function-name	FAIL-CLOSED	-	-	Sibling of #118: two `def inc` (second returns y - 1), `return inc(3)` with false `\result == 4` (CPython 2): REFUSED on f postcondition (Unknown). The model agrees with Python that the LAST def wins. Fence: duplicate defs are resolved to the last one. Baseline worktree 21d5029e.
2026-09-15	23	carrier-rerun	global-statement-rebinding-a-function-name-inside-a-function	VACUOUS	-	-	Sibling of #118: `def swap(): global inc; inc = dec`, `f(): swap(); return inc(3)` with false `\result == 4`. Emission is `let _ = (swap ()) in (); (inc 3)` -- the rebinding IS invisible -- but the run died on the unrelated "Symbol dec is already defined" (a function used as a value is emitted twice) before f was judged. Measured nothing.
2026-09-15	23	carrier-rerun	local-variable-shadowing-a-function-name-then-called	VACUOUS	-	-	Sibling of #118: `def f(): inc = dec; return inc(3)` (false `\result == 4`, CPython 2). Emission `let inc = ref 0 in inc := dec; (inc 3)` but the run died on "Symbol dec is already defined" (function-as-value double declaration) before f was judged. Measured nothing. Baseline worktree 21d5029e.
2026-09-15	23	carrier-rerun	parameter-shadowing-a-function-name-then-called	FAIL-CLOSED	-	-	Sibling of #118: `def f(inc: Callable[[int],int]) -> int: return inc(3)` with a module `def inc` (+1) and false `\result == 4`: REFUSED on f postcondition. Emitted `let function f (inc: int -> int)` and `(inc 3)` -- Why3 lexical scoping binds the PARAMETER, not the module function. Fence: the parameter binder.
2026-09-15	23	advice-audit	erased-truthiness-advice-membership-on-a-generator-consumed-twice	FAIL-CLOSED	-	-	The PYCSL-WHYML-ERASED-TRUTHINESS refusal ADVISES testing `k in ...` instead of the truthiness of a generator-bound local. A generator is CONSUMED by `in`. `g = (v for v in xs); if 1 in g: if 1 in g: return 1` with xs == [1] and false `\result == 1` (CPython 0): REFUSED -- both tests are `contains_check 1 pycsl_erased_g` over an UNCONSTRAINED erased symbol, so congruence makes them equal but neither is decided. The advice names a construct the model keeps OPAQUE, not one it decides: safe. Baseline worktree 21d5029e.
2026-09-15	23	advice-audit	erased-truthiness-advice-next-after-membership-on-a-generator	FAIL-CLOSED	-	-	Same advice, element spelling: `if 5 in g: return next(g) - 1` (xs == [5, 6]); the TRUE `\result == 5` is refused too -- `(next_1 pycsl_erased_g)` is opaque. Positive control fails, so this row says only that the advice leads to opaque terms (a completeness gap), never a decided wrong one.
2026-09-15	23	carrier-rerun	class-body-rebinding-of-a-method-name-is-ignored	LIVE	118	1	Logged immediately after the run (same step). Coverage-premise check on gen #23s own #118 draft refusal ("every way a module rebinds a def name" -- it skips ClassDef bodies). `class C: def m (ensures \result == 1); def n (ensures \result == 2); m = n`, then `c = C(); return c.m()` with FALSE `ensures \result == 1`: PROVES rc=0 at baseline worktree 21d5029e; emitted `(c_m_0 ())` against the original m contract; CPython returns 2 (run). Second carrier of #118 (class scope); the draft refusal must cover class bodies before #118 closes.
2026-09-15	23	carrier-rerun	module-level-walrus-rebinding-of-a-function-name	LIVE	118	2	Logged immediately after the run (same step). Coverage-premise check on gen #23s own #118 draft refusal (it enumerates statement KINDS: Assign/AugAssign/AnnAssign/import/for). `if (inc := dec): pass` at module level then `inc(3)` with FALSE `\result == 4`: PROVES at baseline worktree 21d5029e AND on the draft; CPython 2. ORDER 2 against the draft (a confinement check keyed on the syntactic shape of the write -- lesson 9 again, committed by me an hour after citing it). The draft must key on every Name STORE in the scope, not on statement kinds.
2026-09-15	23	carrier-rerun	decorator-replacing-a-function-with-another	VACUOUS	-	-	`def swap(fn): return dec` and `@swap def inc` then `inc(3)` (CPython 2): died on "Symbol dec is already defined" (function used as a value) in both trees before any goal. Measured nothing.
2026-09-15	23	continue-census	partial-writes-label-filter-drops-unlabelled-targets-from-a-method-avatar	FAIL-CLOSED	-	-	`_writes_filtered_to_labels` keeps only labelled targets and the `_objstate_w` fallback fires only when the WHOLE set empties, so `#@ assigns self.a, self.hidden` gives the avatar `writes { self.a }` -- the hidden write DROPPED (read in emission, both arms, also on the #109 draft). Observability probes: (1) callee with a body: its own definition fails "unlisted write effect"; (2) \trusted callee + hidden-field reads around the call: reads lower to `getattr_c`, a PROGRAM val (fresh per application), so no value about an unlabelled field is ever decided -- refused. Fence named: unlabelled-field reads are opaque. The partial drop is real but currently unobservable in the value plane. Baseline worktree 21d5029e.
2026-09-15	23	continue-census	assigns-self-a-while-writing-an-unlabelled-field	OUT-OF-SCOPE	-	-	`#@ assigns self.a` on a method whose body writes `self.hidden` (first bound outside __init__, so not a record label) PROVES: the definition is emitted `writes { _pyobj_state }` by the documented #32 rule ("the source names ANY assigns target -> add _pyobj_state"). The stated frame is false of the program, but no caller can observe an unlabelled field (reads are fresh getattr_c vals) and an `assigns \nothing` caller IS refused. Recorded OUT-OF-SCOPE (outside the value plane) for a future generation to adjudicate against #109s precedent, which counted a proved `assigns \nothing` as LIVE.
2026-09-15	23	witness-census	ellipsis-lowers-to-a-falsy-witness	FAIL-CLOSED	-	-	Front-end census site Module5 `_py_expr_name`: `...` -> IR Number 0. `e = ...; if e: return 1; return 0` with false `\result == 0` (CPython 1, Ellipsis is truthy): REFUSED. Module 6 lowers it to the opaque `pycsl_ellipsis`, not 0. Fence: the pycsl_ellipsis symbol. Baseline worktree 21d5029e.
2026-09-15	23	witness-census	literal-none-and-zero-share-the-int-0-encoding	FAIL-CLOSED	-	-	Front-end site `_classify_literal_value`: `Literal[None]` -> Number 0, the same encoding as `Literal[0]`. `def f(x: Literal[0, None])` under `requires x == 0` with `if x is None: return 1` and false `\result == 1` (CPython 0): REFUSED -- the domain requires is `(x = 0) || (x = 0)` (the collision is visible) but `x is None` lowers to `x = pycsl_none`, an opaque symbol. Fence: pycsl_none. WATCH: the domain clause and the test use different None encodings; a future change unifying them on 0 would make this live.
2026-09-15	23	carrier-rerun	function-passed-as-a-higher-order-argument	VACUOUS	-	-	`apply(f: Callable[[int],int], x) = f(x)`, `g() = apply(dec, 3)` with false `\result == 4` (CPython 2). Emission is faithful in shape (`let function apply (f: int -> int)`, `(apply dec 3)`), but the run died on "Symbol dec is already defined" (a function used as a VALUE is declared twice) before any goal. Sixth probe this generation made VACUOUS by that same unplanned fence. Baseline worktree 21d5029e.
2026-09-15	23	witness-census	name-gated-hvalmap-truthiness-decided-true-in-a-user-method	FAIL-CLOSED	-	-	`_to_bool` answers `true` for a Var in `_hvalmap_local_vars`, a set filled only when the EMITTING FUNCTION NAME ends with one of six emitter method names (`_union_none_ctor_for`, `_compute_return_type`, ...). A user method named `_union_none_ctor_for` with `vinfo = self.t.get(k); if not vinfo: return 0; return 1` (t: Dict[str, Dict[str, Any]], CPython 0) and false `\result == 1`: the MECHANISM FIRED -- emitted `if (not true)` -- but the run was refused on a WHY3 TYPE ERROR (`vinfo` pre-declared `ref 0` against a map value: the hval-map pre-declaration needs a `map string (option hval)` field type the user program does not produce). Control with the method renamed `lookup_kind` emits the honest `(not (!vinfo <> 0))`. Fence: the pre-declaration type. WATCH: a name-keyed gate deciding a truth value in user code; one type-model change from live. Baseline worktree 21d5029e.
2026-09-15	23	witness-census	name-gated-hvalmap-truthiness--class-annotated-int-valued-nested-dict	VACUOUS	-	-	Re-probe of the name-gated truthiness with `t: Dict[str, Dict[str, int]]` class-annotated: the nested dict is modelled with int values (`Map.get self.t (str_hash_op k) ... | None -> pycsl_none`), vinfo is NOT classified hval-map, and the emission is the honest `(not (!vinfo <> 0))` under both method names. The mechanism did not fire: measured nothing about the gate.
2026-09-15	23	carrier-rerun	route118-refusal-missed-a-class-attribute-store-C-m-equals-C-n	LIVE	119	2	Logged immediately after the run (same step). ORDER 2: carrier = gen #23s LANDED #118 refusal (6c75839a), which keys on NAME bindings in module/class scope. A module-level ATTRIBUTE store `C.m = C.n` rebinds the method with no Name binding at all; `c = C(); return c.m()` with FALSE `\result == 1` PROVES at HEAD c01ef653; CPython 2 (run). The refusal was closed on name bindings and #118 was marked CLOSED the same hour -- a carrier surviving a repair is a second route. ROUTE #119.
2026-09-15	23	carrier-rerun	route118-refusal-missed-a-store-through-vars	LIVE	119	2	Same carrier, `vars()["inc"] = dec` at module level (the refusal only knew `globals()`): `inc(3)` FALSE `\result == 4` PROVES at HEAD; CPython 2.
2026-09-15	23	carrier-rerun	route118-refusal-missed-a-store-through-locals	LIVE	119	2	Same carrier, `locals()["inc"] = dec` at module level (module locals() IS globals()): PROVES at HEAD; CPython 2.
2026-09-15	23	carrier-rerun	route118-refusal-missed-setattr-on-the-module-object	LIVE	119	2	Same carrier, `setattr(sys.modules[__name__], "inc", dec)`: PROVES at HEAD; CPython 2.
2026-09-15	23	carrier-rerun	instance-attribute-shadowing-a-method	VACUOUS	-	-	`c = C(); c.m = c.n; return c.m()` (CPython 2): died on "unbound function or predicate symbol n" (a bound method used as a value) before f was judged. Emission shows `setattr_3 c <hash> c.n; (c_m_0 ())` -- the shadowing store is not consulted by the call. Measured nothing.
2026-09-15	23	carrier-rerun	instance-attribute-shadowing-a-method-through-a-constructor-parameter	VACUOUS	-	-	The json.JSONEncoder idiom (`if fn is not None: self.m = fn`, then `c.m(3)`), CPython 2 vs the method contract 4. Emission is telling -- the constructor record gets a FIELD `m = (any int)` beside the METHOD avatar `(c_m_1 3)`, so the call ignores the stored function -- but the run died on "Symbol dec is already defined" (function as value) before f was judged. Seventh probe VACUOUS on that fence. src/pycsl_lib/json/encoder.py:147 `self.default = default` has exactly this shape.
2026-09-15	23	carrier-rerun	route118-refusal-missed-a-rebinding-inside-an-imported-module	LIVE	119	2	Logged immediately after the run (same step). ORDER 2, carrier = the landed #118 refusal, placed at the `_run_pipeline` choke point -- but IMPORTED dependencies are ingested by frontend/ir_resolve.py (its own Module1/Module5), never by `_run_pipeline`. `rebindlib.py` defines inc (+1), dec (-1) and `inc = dec`; `main.py: from rebindlib import inc; f() = inc(3)` with FALSE `\result == 4` PROVES at HEAD c01ef653 (the import is taken as a trusted stub of the original def); CPython 2 (run). Same route #119.
2026-09-15	23	carrier-rerun	route118-refusal-missed-a-dunder-setattr-on-the-class	LIVE	119	2	Logged immediately after the run (same step). Carrier-rerun on my own #119 draft (which knew `setattr`/`delattr` by NAME): `type.__setattr__(C, "m", C.n)` at module level then `c.m()` with FALSE `\result == 1` PROVES at baseline 21d5029e AND at HEAD c01ef653; CPython 2 (run). The draft now treats `X.__setattr__/__delattr__` calls (receiver not self/super()) like setattr: refused on the main tree.
2026-09-15	23	carrier-rerun	function-code-object-swap-inside-a-patch-function	VACUOUS	-	-	`def patch(): inc.__code__ = dec.__code__`, `f(): patch(); return inc(3)` (CPython 2): died on "Symbol dec is already defined" in both baseline and HEAD (dec used as a value). Measured nothing at HEAD; the #119 draft refuses it (attribute write on an object that IS a module def, scope-aware).
2026-09-15	23	carrier-rerun	route119-draft-missed-patching-a-function-of-an-imported-module	LIVE	119	2	Logged immediately after the run (same step). Carrier-rerun on my own #119 DRAFT (rules keyed on names defined in THIS file): `import plainlib; plainlib.inc = plainlib.dec; f() = plainlib.inc(3)` with FALSE `\result == 4` PROVES at HEAD c01ef653 AND on the draft; CPython 2 (run). The receiver is an IMPORT alias, not a def of this file.
2026-09-15	23	carrier-rerun	route119-draft-missed-patching-a-method-of-an-imported-class	LIVE	119	2	Same carrier: `from plainlib import K; K.m = K.n; k = K(); return k.m()` with FALSE `\result == 1` PROVES at HEAD and on the draft; CPython 2.
2026-09-15	23	carrier-rerun	route119-draft-missed-patching-through-importlib-import-module	LIVE	119	2	Logged immediately after the run (same step). Carrier-rerun on the #119 draft (import-alias receivers only): `importlib.import_module("plainlib").inc = importlib.import_module("plainlib").dec` then `importlib.import_module("plainlib").inc(3)` with FALSE `\result == 4` PROVES at HEAD c01ef653; CPython 2 (run). The receiver is a CALL, not a name. Draft extended: an attribute write is refused when its receiver CHAIN roots at a def/import object (not a local), or contains a call not rooted at self.
2026-09-15	23	carrier-rerun	patching-a-class-through-type-of-an-instance	FAIL-CLOSED	-	-	`type(c).m = C.n; return c.m()` (CPython 2): REFUSED at HEAD by the pre-existing in-place field mutation refusal ("`<Call base>.m = ...` is out of scope"). Fence named. The extended draft refuses it too (a call in the receiver chain).
2026-09-15	23	carrier-rerun	constant-exec-rebinding-a-function-name	LIVE	119	2	Logged immediately after the run (same step). `exec("inc = dec")` at module level then `inc(3)` with FALSE `\result == 4` PROVES at HEAD c01ef653 (the landed #118 refusal did not see inside the exec string); CPython 2 (run). The #119 draft refuses a constant exec whose text names a def/class/imported object (tokens, conservative; parsing it inside Module3_Weaver.process would need a try/except SyntaxError, which measurably added `exception SyntaxError` to two mirror emissions).
2026-09-15	23	carrier-rerun	metaclass-new-rewriting-the-class-namespace	FAIL-CLOSED	-	-	`class Meta(type): __new__ sets ns["m"] = ns["n"]`, `class C(metaclass=Meta)`, `c.m()` false `\result == 1` (CPython 2): REFUSED at HEAD and on the #119 draft by the pre-existing UB-7.6 refusal of a non-trivial `__new__`. Fence named.
2026-09-15	23	carrier-rerun	class-decorator-rebinding-a-method	FAIL-CLOSED	-	-	`def swap_m(k): k.m = k.n; return k` applied as `@swap_m class C`, `c.m()` false `\result == 1` (CPython 2): at HEAD REFUSED on a frame error ("depends on variable _pyobj_state, which is left out") -- the decorator body writes `_pyobj_state`; the #119 draft refuses it outright (attribute write of a method name on a non-self receiver). Fence at HEAD: the frame of the decorator call.
2026-09-15	23	carrier-rerun	init-subclass-setattr-rebinding-a-subclass-method	LIVE	119	2	Logged immediately after the run (same step). `class Base: def __init_subclass__(cls): setattr(cls, "m", getattr(cls, "n"))`, `class C(Base)` with m (1) / n (2), `c.m()` with FALSE `\result == 1` PROVES at HEAD c01ef653; CPython 2 (run). Refused on the #119 draft (rule 5: literal attribute naming a method). Carrier of #119 against the LANDED #118 refusal.
2026-09-15	23	carrier-rerun	getattribute-override-redirects-a-method-call	LIVE	120	1	Logged immediately after the run (same step). Found while carrier-rerunning the rebinding family: a class that defines `__getattribute__(self, name)` returning `object.__getattribute__(self, "n")` for name "m"; `c.m()` with FALSE `\result == 1` PROVES at HEAD c01ef653 (the call is resolved statically to `m` and `__getattribute__` is never consulted); CPython 2 (run). No rebinding happens at all, so #118/#119 cannot catch it: a class-level attribute-lookup hook. ROUTE #120.
2026-09-15	23	carrier-rerun	instance-class-reassignment-switches-method-table	FAIL-CLOSED	-	-	`c = C(); c.__class__ = D; return c.m()` (C.m -> 1, D.m -> 2; false `\result == 1`, CPython 2): REFUSED at HEAD and on the #119 draft by a WHY3 TYPE ERROR (the class `D` used as a value). Fence: typing of the class object. WATCH with the function-as-value family.
2026-09-15	23	carrier-rerun	setattr-override-drops-a-field-store	LIVE	120	1	Logged immediately after the run (same step). Second carrier of #120: a class whose `__setattr__` silently ignores `a = 5`; `put(self): self.a = 5; return self.a` with FALSE `ensures \result == 5` PROVES at HEAD c01ef653 -- emitted `self.a <- 5; self.a`, the hook never consulted; CPython returns 0 (run).
2026-09-15	23	carrier-rerun	attribute-hook-installed-by-class-body-assignment	FAIL-CLOSED	-	-	Carrier-rerun on the #120 draft (it refuses a `def __getattribute__` / `__setattr__` / `__delattr__`): `__getattribute__ = _redirect` as a class-body ASSIGNMENT with a module-level `_redirect(self, name: str)`. CPython 2 vs the claim 1. REFUSED at HEAD and on the draft only by incidental Why3 errors (first a string/int type error, then "unbound function or predicate symbol self" for the module-level helper), NOT by the hook refusal. Fence: incidental. Queue a structural fix (class-body Name binding of a hook name) for the next battery.
2026-09-15	23	witness-census	class-attribute-read-after-an-instance-store	FAIL-CLOSED	-	-	`class C: x = 1`; `c.x = 2; return C.x` with false `\result == 2` (CPython 1): REFUSED at HEAD by a Why3 type error around `(get_x _class_c)`. Emission keeps the instance store opaque (`setattr_3 c <hash> 2`) and reads the class attribute through a getter -- no conflation visible. Fence: typing.
2026-09-15	23	witness-census	mutable-class-attribute-shared-across-instances	FAIL-CLOSED	-	-	`class C: items: List[int] = []`; `c1.items.append(5); return len(c2.items)` with false `\result == 0` (CPython 1, the class-level list is SHARED): REFUSED at HEAD only INCIDENTALLY -- "unbound function or predicate symbol Array.make" (the module never imports array). The emission materialises `c1.items` as a FRESH LOCAL array `c1_items` (the route #18(B) param-field shape), so the append is invisible to `c2.items`. WATCH: one missing `use` away from a false `len == 0` proof.
2026-09-15	23	witness-census	mutable-class-attribute-shared-across-instances--array-imported	FAIL-CLOSED	-	-	Re-run of the shared class-list probe with a List parameter so `array` is imported: now REFUSED on "unbound function or predicate symbol items" -- `c2.items` is not a record field (the class-level `items` never became one), while `c1.items.append` still went into a fresh local. Fence named: a class attribute read through a second instance is unbound. The WATCH stands (two incidental fences, no designed one).
2026-09-15	23	carrier-rerun	instance-attribute-shadowing-a-method-with-a-builtin	LIVE	119	2	Logged immediately after the run (same step). The #119 draft EXEMPTED `self.<method> = value` as a WATCH item, claiming the function-as-value "Symbol X is already defined" error fenced it. A BUILTIN value has no def to duplicate: `__init__: self.m = abs`, then `c.m(-3)` against the method contract `\result == y + 1`, FALSE `\result == -2` PROVES at HEAD c01ef653 AND on the draft (constructor record `m = (any int)` beside the method avatar `(c_m_1 (- 3))`); CPython 3 (run). The WATCH claim was wrong -- the fence was a property of the value I chose, not of the shape. Carrier of #119 against my own draft.
2026-09-15	23	carrier-rerun	instance-attribute-shadowing-a-method-inherited-from-an-imported-base	LIVE	119	2	Logged immediately after the run (same step). Carrier-rerun on the battery-5 draft rule (8) (self-stores of methods of the enclosing class and its IN-MODULE bases): `from plainlib import K` (K.m -> 1), `class C(K): __init__: self.a = 0; self.m = int`, `C().m()` with FALSE `\result == 1` PROVES at HEAD AND on the draft (emitted record `m = (any int)` beside the inherited avatar `(c_m_0 ())`); CPython 0 (run). Module 3 cannot see the methods of an imported base. The collision is visible where the IR knows both: a record FIELD named like a METHOD the call resolves to.
2026-09-15	23	carrier-rerun	late-instance-shadowing-of-an-imported-method-outside-init	LIVE	119	2	Logged immediately after the run (same step). Carrier-rerun on the battery-5 draft (front-end rule 8 keyed on in-module methods; IR check keyed on a record FIELD named like the method): `class C(K)` (K imported, K.m -> 1), `#@ assigns self.m def install(self): self.m = int`, and `c.install(); return c.m()` under `#@ assigns c.m` with FALSE `\result == 1` PROVES at HEAD AND on the draft; CPython 0 (run). A store outside __init__ does not create a record field, and the base is not in the module: both draft rules walk past it.
